{
  "minecraft:recipes/transportation/acacia_boat": {
    "criteria": {
      "in_water": "٢٠٢٣-١١-٣٠ ١٤:٢١:٠٩ +0400"
    },
    "done": true
  },
  "minecraft:recipes/transportation/oak_boat": {
    "criteria": {
      "in_water": "٢٠٢٣-١١-٣٠ ١٤:٢١:٠٩ +0400"
    },
    "done": true
  },
  "minecraft:recipes/transportation/dark_oak_boat": {
    "criteria": {
      "in_water": "٢٠٢٣-١١-٣٠ ١٤:٢١:٠٩ +0400"
    },
    "done": true
  },
  "minecraft:recipes/transportation/birch_boat": {
    "criteria": {
      "in_water": "٢٠٢٣-١١-٣٠ ١٤:٢١:٠٩ +0400"
    },
    "done": true
  },
  "minecraft:recipes/transportation/jungle_boat": {
    "criteria": {
      "in_water": "٢٠٢٣-١١-٣٠ ١٤:٢١:٠٩ +0400"
    },
    "done": true
  },
  "minecraft:recipes/transportation/spruce_boat": {
    "criteria": {
      "in_water": "٢٠٢٣-١١-٣٠ ١٤:٢١:٠٩ +0400"
    },
    "done": true
  },
  "minecraft:adventure/adventuring_time": {
    "criteria": {
      "minecraft:plains": "٢٠٢٣-١١-٣٠ ١٤:١٧:٥٧ +0400"
    },
    "done": false
  },
  "DataVersion": 2975
}