{"stats":{"minecraft:picked_up":{"minecraft:command_block_minecart":2,"minecraft:smithing_table":1,"minecraft:lead":1,"minecraft:bee_spawn_egg":1,"minecraft:enchanted_book":1,"minecraft:purple_shulker_box":3,"minecraft:infested_stone":1,"minecraft:blue_concrete":4,"minecraft:stray_spawn_egg":5,"minecraft:polished_blackstone_brick_stairs":1,"minecraft:string":11,"minecraft:dark_oak_pressure_plate":2,"minecraft:ocelot_spawn_egg":1,"minecraft:beetroot_soup":2,"minecraft:orange_glazed_terracotta":5,"minecraft:pufferfish":1,"minecraft:shroomlight":2,"minecraft:diamond_leggings":6,"minecraft:dead_bubble_coral_fan":1,"minecraft:horn_coral_block":3,"minecraft:bubble_coral":1,"minecraft:warped_slab":1,"minecraft:hopper_minecart":2,"minecraft:infested_mossy_stone_bricks":2,"minecraft:crimson_sign":2,"minecraft:diamond_ore":2,"minecraft:polished_blackstone_brick_slab":4,"minecraft:mojang_banner_pattern":2,"minecraft:polished_blackstone_stairs":1,"minecraft:jukebox":1,"minecraft:acacia_log":3,"minecraft:brick_wall":1,"minecraft:farmland":2,"minecraft:golden_axe":2,"minecraft:honeycomb_block":3,"minecraft:warped_button":2,"minecraft:green_terracotta":4,"minecraft:end_crystal":2,"minecraft:cyan_stained_glass_pane":1,"minecraft:golden_chestplate":4,"minecraft:gray_shulker_box":6,"minecraft:warped_door":1,"minecraft:brown_carpet":4,"minecraft:yellow_banner":1,"minecraft:orange_bed":3,"minecraft:honey_bottle":5,"minecraft:lime_carpet":3,"minecraft:command_block":2,"minecraft:horn_coral_fan":3,"minecraft:blue_glazed_terracotta":2,"minecraft:blackstone_wall":3,"minecraft:polished_basalt":1,"minecraft:carved_pumpkin":2,"minecraft:glowstone":1,"minecraft:bookshelf":2,"minecraft:end_rod":1,"minecraft:wolf_spawn_egg":8,"minecraft:blaze_rod":5,"minecraft:panda_spawn_egg":2,"minecraft:iron_bars":1,"minecraft:snowball":1,"minecraft:sponge":3,"minecraft:barrier":4,"minecraft:feather":6,"minecraft:cooked_beef":3,"minecraft:water_bucket":3,"minecraft:flint":1,"minecraft:cyan_concrete_powder":2,"minecraft:magenta_terracotta":6,"minecraft:lantern":4,"minecraft:gray_concrete_powder":1,"minecraft:purple_carpet":3,"minecraft:warped_hyphae":2,"minecraft:stonecutter":1,"minecraft:chorus_plant":2,"minecraft:dark_oak_sign":3,"minecraft:rabbit":3,"minecraft:diamond_helmet":1,"minecraft:llama_spawn_egg":4,"minecraft:honeycomb":2,"minecraft:sheep_spawn_egg":6,"minecraft:chiseled_polished_blackstone":5,"minecraft:strider_spawn_egg":8,"minecraft:lime_terracotta":3,"minecraft:stripped_crimson_stem":1,"minecraft:birch_fence_gate":2,"minecraft:stripped_spruce_log":4,"minecraft:brown_mushroom_block":3,"minecraft:dead_fire_coral_fan":1,"minecraft:acacia_stairs":4,"minecraft:netherite_block":1,"minecraft:wither_skeleton_spawn_egg":3,"minecraft:iron_hoe":2,"minecraft:polished_andesite":3,"minecraft:evoker_spawn_egg":2,"minecraft:blue_terracotta":4,"minecraft:lever":7,"minecraft:granite":4,"minecraft:spruce_button":5,"minecraft:horse_spawn_egg":2,"minecraft:golden_horse_armor":3,"minecraft:cyan_dye":4,"minecraft:crimson_roots":16,"minecraft:diamond_pickaxe":2,"minecraft:magenta_glazed_terracotta":1,"minecraft:bee_nest":1,"minecraft:stripped_warped_hyphae":4,"minecraft:clay_ball":1,"minecraft:golden_pickaxe":3,"minecraft:leather_leggings":6,"minecraft:redstone_lamp":2,"minecraft:infested_cobblestone":7,"minecraft:dragon_head":2,"minecraft:acacia_button":7,"minecraft:purpur_block":2,"minecraft:spider_spawn_egg":3,"minecraft:fire_coral":6,"minecraft:heavy_weighted_pressure_plate":2,"minecraft:elytra":1,"minecraft:white_carpet":2,"minecraft:iron_shovel":3,"minecraft:polished_blackstone_wall":1,"minecraft:glass_pane":2,"minecraft:stripped_warped_stem":2,"minecraft:netherite_sword":2,"minecraft:jungle_sapling":1,"minecraft:spruce_slab":2,"minecraft:minecart":2,"minecraft:birch_sapling":3,"minecraft:diamond_hoe":1,"minecraft:lime_shulker_box":7,"minecraft:black_stained_glass":5,"minecraft:stone":2,"minecraft:music_disc_mellohi":2,"minecraft:white_dye":2,"minecraft:netherite_pickaxe":3,"minecraft:cyan_shulker_box":4,"minecraft:red_nether_brick_wall":6,"minecraft:jungle_sign":3,"minecraft:diamond_chestplate":9,"minecraft:stone_shovel":5,"minecraft:purpur_slab":4,"minecraft:hay_block":5,"minecraft:yellow_terracotta":1,"minecraft:totem_of_undying":1,"minecraft:polished_blackstone":2,"minecraft:mutton":2,"minecraft:rail":1,"minecraft:bone_block":5,"minecraft:emerald_ore":2,"minecraft:oxeye_daisy":3,"minecraft:lime_bed":2,"minecraft:birch_leaves":5,"minecraft:yellow_shulker_box":1,"minecraft:clock":4,"minecraft:smooth_red_sandstone":2,"minecraft:tripwire_hook":4,"minecraft:red_glazed_terracotta":2,"minecraft:fern":3,"minecraft:acacia_wood":1,"minecraft:purpur_stairs":4,"minecraft:lily_pad":5,"minecraft:diorite_stairs":2,"minecraft:paper":1,"minecraft:spawner":2,"minecraft:light_blue_banner":2,"minecraft:apple":5,"minecraft:warped_stem":4,"minecraft:oak_fence_gate":3,"minecraft:pufferfish_bucket":3,"minecraft:stone_pickaxe":3,"minecraft:iron_ore":4,"minecraft:magenta_stained_glass":2,"minecraft:tall_grass":2,"minecraft:gray_bed":1,"minecraft:dark_oak_stairs":4,"minecraft:polished_andesite_stairs":10,"minecraft:light_gray_stained_glass":1,"minecraft:sweet_berries":4,"minecraft:green_glazed_terracotta":3,"minecraft:red_wool":2,"minecraft:crimson_stairs":4,"minecraft:light_blue_stained_glass":3,"minecraft:crying_obsidian":1,"minecraft:dragon_egg":1,"minecraft:leather_helmet":6,"minecraft:diamond_shovel":1,"minecraft:husk_spawn_egg":2,"minecraft:coal_ore":4,"minecraft:slime_ball":2,"minecraft:painting":1,"minecraft:birch_sign":1,"minecraft:polished_blackstone_brick_wall":2,"minecraft:red_nether_brick_slab":6,"minecraft:baked_potato":3,"minecraft:smooth_quartz_slab":5,"minecraft:hopper":3,"minecraft:prismarine_stairs":1,"minecraft:black_carpet":1,"minecraft:ender_chest":3,"minecraft:nether_brick_fence":6,"minecraft:yellow_wool":2,"minecraft:gilded_blackstone":1,"minecraft:stone_brick_stairs":1,"minecraft:warped_stairs":1,"minecraft:lapis_block":1,"minecraft:purple_banner":4,"minecraft:experience_bottle":2,"minecraft:smooth_red_sandstone_slab":2,"minecraft:red_sand":2,"minecraft:smooth_stone":1,"minecraft:comparator":1,"minecraft:light_weighted_pressure_plate":4,"minecraft:white_tulip":15,"minecraft:red_dye":3,"minecraft:rose_bush":2,"minecraft:cobblestone_slab":1,"minecraft:ender_eye":3,"minecraft:wooden_shovel":2,"minecraft:iron_pickaxe":3,"minecraft:smooth_quartz":3,"minecraft:smooth_quartz_stairs":1,"minecraft:blue_wool":2,"minecraft:tipped_arrow":1,"minecraft:acacia_fence":1,"minecraft:birch_trapdoor":9,"minecraft:spruce_stairs":3,"minecraft:netherite_shovel":2,"minecraft:crimson_button":1,"minecraft:diorite":2,"minecraft:andesite_wall":3,"minecraft:rotten_flesh":35,"minecraft:red_sandstone_slab":1,"minecraft:music_disc_ward":3,"minecraft:brown_shulker_box":2,"minecraft:chorus_flower":3,"minecraft:music_disc_wait":3,"minecraft:obsidian":1,"minecraft:enchanting_table":5,"minecraft:leather_chestplate":4,"minecraft:lilac":1,"minecraft:repeater":1,"minecraft:warped_fungus_on_a_stick":1,"minecraft:orange_carpet":2,"minecraft:dead_tube_coral_fan":2,"minecraft:andesite":3,"minecraft:cod_spawn_egg":2,"minecraft:black_bed":1,"minecraft:potato":1,"minecraft:skull_banner_pattern":1,"minecraft:smooth_sandstone_stairs":2,"minecraft:bat_spawn_egg":6,"minecraft:dirt":10,"minecraft:stripped_birch_log":2,"minecraft:cut_sandstone_slab":3,"minecraft:name_tag":3,"minecraft:glass":1,"minecraft:bone":20,"minecraft:acacia_planks":63,"minecraft:granite_wall":3,"minecraft:bow":2,"minecraft:wheat_seeds":2,"minecraft:orange_tulip":10,"minecraft:crimson_fence_gate":2,"minecraft:birch_wood":3,"minecraft:grindstone":2,"minecraft:netherite_axe":4,"minecraft:purple_stained_glass_pane":2,"minecraft:mossy_stone_bricks":5,"minecraft:bamboo":2,"minecraft:cyan_concrete":1,"minecraft:prismarine":9,"minecraft:diorite_wall":3,"minecraft:red_sandstone_wall":1,"minecraft:pig_spawn_egg":2,"minecraft:gray_stained_glass":1,"minecraft:black_stained_glass_pane":2,"minecraft:light_blue_shulker_box":3,"minecraft:melon":4,"minecraft:nether_brick_stairs":1,"minecraft:warped_fence_gate":5,"minecraft:diamond_block":1,"minecraft:jungle_slab":6,"minecraft:spectral_arrow":1,"minecraft:polar_bear_spawn_egg":4,"minecraft:mossy_cobblestone":1,"minecraft:jungle_leaves":1,"minecraft:light_gray_terracotta":3,"minecraft:tropical_fish_spawn_egg":1,"minecraft:sugar":5,"minecraft:yellow_carpet":4,"minecraft:light_blue_terracotta":1,"minecraft:polished_blackstone_pressure_plate":6,"minecraft:slime_block":6,"minecraft:netherite_helmet":3,"minecraft:yellow_stained_glass_pane":4,"minecraft:cracked_polished_blackstone_bricks":3,"minecraft:crossbow":3,"minecraft:grass":2,"minecraft:bone_meal":3,"minecraft:golden_apple":2,"minecraft:nether_sprouts":2,"minecraft:spruce_sign":8,"minecraft:emerald":4,"minecraft:piglin_banner_pattern":1,"minecraft:netherrack":2,"minecraft:chorus_fruit":3,"minecraft:andesite_slab":2,"minecraft:oak_leaves":1,"minecraft:blaze_spawn_egg":1,"minecraft:azure_bluet":1,"minecraft:splash_potion":3,"minecraft:ladder":3,"minecraft:rabbit_stew":2,"minecraft:packed_ice":1,"minecraft:brown_mushroom":2,"minecraft:pink_wool":5,"minecraft:stone_brick_wall":5,"minecraft:diorite_slab":1,"minecraft:chain":2,"minecraft:brick":3,"minecraft:shield":10,"minecraft:magma_cube_spawn_egg":1,"minecraft:orange_stained_glass":2,"minecraft:oak_trapdoor":1,"minecraft:end_stone_brick_wall":2,"minecraft:large_fern":7,"minecraft:vex_spawn_egg":2,"minecraft:mycelium":3,"minecraft:birch_fence":4,"minecraft:blackstone":1,"minecraft:creeper_banner_pattern":3,"minecraft:lime_wool":1,"minecraft:squid_spawn_egg":1,"minecraft:polished_blackstone_bricks":2,"minecraft:music_disc_11":4,"minecraft:cookie":3,"minecraft:brown_concrete_powder":1,"minecraft:trident":1,"minecraft:light_blue_bed":1,"minecraft:brown_dye":2,"minecraft:light_gray_stained_glass_pane":2,"minecraft:stone_pressure_plate":4,"minecraft:blue_concrete_powder":2,"minecraft:tube_coral":1,"minecraft:weeping_vines":3,"minecraft:red_shulker_box":2,"minecraft:pumpkin_pie":5,"minecraft:nether_bricks":6,"minecraft:stripped_dark_oak_wood":1,"minecraft:glistering_melon_slice":1,"minecraft:black_banner":2,"minecraft:turtle_spawn_egg":3,"minecraft:brick_stairs":1,"minecraft:nether_brick_wall":2,"minecraft:skeleton_skull":2,"minecraft:elder_guardian_spawn_egg":5,"minecraft:netherite_boots":2,"minecraft:basalt":7,"minecraft:jungle_boat":2,"minecraft:purple_dye":7,"minecraft:prismarine_slab":3,"minecraft:dark_oak_button":8,"minecraft:golden_carrot":5,"minecraft:magenta_banner":1,"minecraft:leather":8,"minecraft:music_disc_stal":7,"minecraft:ice":4,"minecraft:granite_stairs":7,"minecraft:bedrock":2,"minecraft:crimson_fungus":6,"minecraft:chainmail_chestplate":2,"minecraft:yellow_bed":3,"minecraft:gunpowder":12,"minecraft:cobblestone_wall":1,"minecraft:zombie_horse_spawn_egg":1,"minecraft:orange_terracotta":2,"minecraft:cooked_mutton":2,"minecraft:red_carpet":1,"minecraft:gray_carpet":1,"minecraft:acacia_trapdoor":3,"minecraft:silverfish_spawn_egg":5,"minecraft:rabbit_hide":4,"minecraft:spruce_wood":2,"minecraft:iron_ingot":16,"minecraft:cooked_chicken":9,"minecraft:prismarine_brick_slab":3,"minecraft:polished_andesite_slab":1,"minecraft:dead_horn_coral":3,"minecraft:pink_bed":1,"minecraft:warped_fungus":1,"minecraft:nether_quartz_ore":4,"minecraft:emerald_block":7,"minecraft:stone_brick_slab":1,"minecraft:quartz":2,"minecraft:dandelion":1,"minecraft:lava_bucket":3,"minecraft:endermite_spawn_egg":2,"minecraft:soul_torch":1,"minecraft:green_stained_glass":1,"minecraft:red_banner":1,"minecraft:nether_brick_slab":2,"minecraft:spruce_door":2,"minecraft:brick_slab":3,"minecraft:polished_diorite_stairs":2,"minecraft:pumpkin_seeds":2,"minecraft:white_concrete_powder":2,"minecraft:trader_llama_spawn_egg":4,"minecraft:gray_banner":3,"minecraft:chainmail_leggings":2,"minecraft:mossy_cobblestone_stairs":1,"minecraft:damaged_anvil":2,"minecraft:netherite_hoe":1,"minecraft:dark_oak_wood":3,"minecraft:sunflower":3,"minecraft:wooden_axe":1,"minecraft:iron_chestplate":5,"minecraft:seagrass":3,"minecraft:slime_spawn_egg":6,"minecraft:birch_door":1,"minecraft:flower_pot":3,"minecraft:chainmail_boots":1,"minecraft:creeper_head":1,"minecraft:anvil":6,"minecraft:prismarine_shard":4,"minecraft:magenta_carpet":2,"minecraft:diamond_sword":4,"minecraft:oak_stairs":2,"minecraft:brown_bed":1,"minecraft:acacia_pressure_plate":2,"minecraft:wither_rose":4,"minecraft:golden_shovel":8,"minecraft:birch_button":2,"minecraft:knowledge_book":2,"minecraft:brewing_stand":13,"minecraft:golden_sword":7,"minecraft:dark_oak_trapdoor":1,"minecraft:soul_soil":2,"minecraft:cooked_salmon":3,"minecraft:red_nether_bricks":2,"minecraft:zoglin_spawn_egg":1,"minecraft:orange_concrete_powder":2,"minecraft:gold_nugget":1,"minecraft:crimson_fence":2,"minecraft:black_glazed_terracotta":5,"minecraft:spruce_planks":10,"minecraft:acacia_sign":2,"minecraft:acacia_fence_gate":4,"minecraft:written_book":6,"minecraft:flower_banner_pattern":2,"minecraft:enchanted_golden_apple":1,"minecraft:melon_slice":4,"minecraft:coal_block":3,"minecraft:dark_oak_door":5,"minecraft:golden_helmet":2,"minecraft:white_glazed_terracotta":4,"minecraft:beehive":3,"minecraft:crimson_pressure_plate":1,"minecraft:music_disc_blocks":3,"minecraft:magenta_concrete_powder":7,"minecraft:composter":1,"minecraft:pink_carpet":3,"minecraft:sandstone_wall":3,"minecraft:warped_planks":5,"minecraft:rabbit_foot":4,"minecraft:chiseled_nether_bricks":1,"minecraft:black_dye":1,"minecraft:gray_stained_glass_pane":2,"minecraft:zombie_spawn_egg":1,"minecraft:light_gray_bed":3,"minecraft:light_blue_wool":4,"minecraft:salmon_bucket":8,"minecraft:tropical_fish":2,"minecraft:cow_spawn_egg":3,"minecraft:blue_dye":3,"minecraft:netherite_chestplate":4,"minecraft:blackstone_stairs":1,"minecraft:rabbit_spawn_egg":2,"minecraft:birch_log":2,"minecraft:mossy_cobblestone_slab":1,"minecraft:iron_door":2,"minecraft:jungle_log":2,"minecraft:skeleton_horse_spawn_egg":1,"minecraft:green_concrete_powder":1,"minecraft:jungle_wood":1,"minecraft:smoker":2,"minecraft:stripped_spruce_wood":1,"minecraft:gray_concrete":2,"minecraft:netherite_leggings":1,"minecraft:map":2,"minecraft:zombie_villager_spawn_egg":1,"minecraft:light_gray_concrete_powder":3,"minecraft:twisting_vines":2,"minecraft:jigsaw":2,"minecraft:gray_terracotta":3,"minecraft:glowstone_dust":3,"minecraft:debug_stick":2,"minecraft:warped_wart_block":2,"minecraft:dropper":2,"minecraft:ink_sac":8,"minecraft:granite_slab":1,"minecraft:crimson_door":6,"minecraft:loom":6,"minecraft:dark_oak_log":14,"minecraft:red_terracotta":1,"minecraft:barrel":3,"minecraft:quartz_bricks":2,"minecraft:stripped_acacia_log":5,"minecraft:dispenser":5,"minecraft:black_concrete_powder":1,"minecraft:green_concrete":4,"minecraft:writable_book":2,"minecraft:polished_granite_slab":2,"minecraft:dead_brain_coral_block":3,"minecraft:bread":1,"minecraft:dark_oak_fence":3,"minecraft:bricks":3,"minecraft:lime_stained_glass_pane":1,"minecraft:coarse_dirt":1,"minecraft:crafting_table":5,"minecraft:sandstone_slab":4,"minecraft:purple_wool":4,"minecraft:orange_stained_glass_pane":2,"minecraft:dead_tube_coral":5,"minecraft:orange_banner":1,"minecraft:crimson_trapdoor":2,"minecraft:conduit":3,"minecraft:dead_horn_coral_block":1,"minecraft:jungle_trapdoor":5,"minecraft:red_bed":3,"minecraft:cat_spawn_egg":2,"minecraft:snow":1,"minecraft:compass":2,"minecraft:cracked_stone_bricks":2,"minecraft:cartography_table":1,"minecraft:respawn_anchor":1,"minecraft:beef":10,"minecraft:cyan_wool":3,"minecraft:iron_nugget":3,"minecraft:quartz_stairs":3,"minecraft:chest":3,"minecraft:sandstone":3,"minecraft:oak_door":1,"minecraft:cut_red_sandstone_slab":3,"minecraft:spruce_fence":12,"minecraft:cake":3,"minecraft:carrot":2,"minecraft:redstone":2,"minecraft:mushroom_stem":2,"minecraft:drowned_spawn_egg":2,"minecraft:blue_carpet":2,"minecraft:chicken_spawn_egg":1,"minecraft:tnt":1,"minecraft:repeating_command_block":5,"minecraft:cooked_cod":4,"minecraft:beetroot_seeds":4,"minecraft:peony":1,"minecraft:tube_coral_fan":1,"minecraft:shears":4,"minecraft:sandstone_stairs":2,"minecraft:warped_sign":1,"minecraft:gold_ingot":13,"minecraft:lime_concrete_powder":1,"minecraft:white_wool":1,"minecraft:crimson_slab":2,"minecraft:lapis_ore":2,"minecraft:smooth_red_sandstone_stairs":5,"minecraft:fox_spawn_egg":3,"minecraft:red_mushroom_block":1,"minecraft:red_mushroom":5,"minecraft:filled_map":1,"minecraft:brown_concrete":2,"minecraft:oak_log":2,"minecraft:ancient_debris":2,"minecraft:jungle_button":1,"minecraft:golden_boots":2,"minecraft:blue_bed":3,"minecraft:white_banner":2,"minecraft:birch_pressure_plate":1,"minecraft:stone_bricks":2,"minecraft:kelp":4,"minecraft:creeper_spawn_egg":1,"minecraft:music_disc_far":4,"minecraft:cobweb":4,"minecraft:glass_bottle":2,"minecraft:iron_sword":5,"minecraft:dark_oak_slab":4,"minecraft:prismarine_brick_stairs":7,"minecraft:chain_command_block":3,"minecraft:white_stained_glass_pane":4,"minecraft:daylight_detector":1,"minecraft:light_blue_glazed_terracotta":2,"minecraft:gravel":1,"minecraft:birch_stairs":3,"minecraft:spruce_log":5,"minecraft:sea_lantern":2,"minecraft:infested_stone_bricks":3,"minecraft:firework_rocket":3,"minecraft:red_stained_glass":1,"minecraft:purple_bed":5,"minecraft:stone_axe":2,"minecraft:polished_diorite":1,"minecraft:donkey_spawn_egg":1,"minecraft:light_blue_carpet":3,"minecraft:scute":4,"minecraft:diamond_axe":1,"minecraft:gray_wool":2,"minecraft:warped_roots":2,"minecraft:oak_button":5,"minecraft:stripped_dark_oak_log":4,"minecraft:brown_banner":2,"minecraft:melon_seeds":5,"minecraft:warped_nylium":2,"minecraft:crimson_nylium":1,"minecraft:pink_dye":2,"minecraft:ender_pearl":12,"minecraft:shulker_shell":1,"minecraft:music_disc_strad":1,"minecraft:wheat":10,"minecraft:redstone_block":5,"minecraft:iron_trapdoor":1,"minecraft:light_gray_shulker_box":2,"minecraft:green_stained_glass_pane":2,"minecraft:dead_horn_coral_fan":3,"minecraft:turtle_egg":3,"minecraft:brain_coral_block":3,"minecraft:piglin_spawn_egg":1,"minecraft:crimson_planks":3,"minecraft:cod_bucket":2,"minecraft:smooth_stone_slab":1,"minecraft:globe_banner_pattern":2,"minecraft:iron_leggings":3,"minecraft:armor_stand":11,"minecraft:sticky_piston":2,"minecraft:netherite_ingot":1,"minecraft:zombie_head":2,"minecraft:pink_shulker_box":1,"minecraft:sea_pickle":3,"minecraft:activator_rail":4,"minecraft:tnt_minecart":2,"minecraft:black_shulker_box":3,"minecraft:redstone_torch":2,"minecraft:iron_boots":1,"minecraft:furnace":1,"minecraft:stick":1,"minecraft:orange_shulker_box":4,"minecraft:jungle_door":1,"minecraft:brown_terracotta":1,"minecraft:oak_fence":2,"minecraft:torch":11,"minecraft:porkchop":2,"minecraft:snow_block":2,"minecraft:dried_kelp":2,"minecraft:target":1,"minecraft:villager_spawn_egg":3,"minecraft:shulker_spawn_egg":2,"minecraft:music_disc_pigstep":70,"minecraft:dirt_path":5,"minecraft:light_gray_banner":3,"minecraft:yellow_concrete_powder":4,"minecraft:blue_stained_glass":2,"minecraft:quartz_block":3,"minecraft:cactus":3,"minecraft:green_wool":2,"minecraft:leather_horse_armor":4,"minecraft:stripped_birch_wood":1,"minecraft:nautilus_shell":1,"minecraft:jungle_pressure_plate":2,"minecraft:magma_cream":5,"minecraft:chiseled_quartz_block":3,"minecraft:magenta_dye":1,"minecraft:warped_trapdoor":2,"minecraft:wandering_trader_spawn_egg":2,"minecraft:wither_skeleton_skull":4,"minecraft:horn_coral":3,"minecraft:acacia_boat":6,"minecraft:green_shulker_box":2,"minecraft:lapis_lazuli":2,"minecraft:polished_granite":2,"minecraft:leather_boots":4,"minecraft:pink_banner":1,"minecraft:bell":4,"minecraft:light_blue_dye":1,"minecraft:powered_rail":7,"minecraft:stone_hoe":4,"minecraft:mossy_stone_brick_stairs":6,"minecraft:brain_coral":1,"minecraft:pink_stained_glass":1,"minecraft:ghast_tear":5,"minecraft:pink_concrete":2,"minecraft:black_terracotta":1,"minecraft:cooked_porkchop":2,"minecraft:music_disc_13":1885,"minecraft:pink_stained_glass_pane":2,"minecraft:poisonous_potato":3,"minecraft:enderman_spawn_egg":4,"minecraft:polished_blackstone_slab":6,"minecraft:sand":2,"minecraft:jungle_planks":5,"minecraft:dead_bush":3,"minecraft:lily_of_the_valley":1,"minecraft:cyan_bed":1,"minecraft:chiseled_sandstone":4,"minecraft:shulker_box":2,"minecraft:orange_wool":2,"minecraft:dark_prismarine":1,"minecraft:dead_fire_coral":1,"minecraft:skeleton_spawn_egg":1,"minecraft:light_gray_concrete":4,"minecraft:dark_prismarine_slab":5,"minecraft:spruce_fence_gate":5,"minecraft:black_concrete":2,"minecraft:clay":1,"minecraft:diamond":2,"minecraft:spruce_boat":3,"minecraft:polished_blackstone_button":1,"minecraft:white_concrete":3,"minecraft:chiseled_red_sandstone":4,"minecraft:oak_sapling":1,"minecraft:bubble_coral_block":16,"minecraft:dead_brain_coral":1,"minecraft:nether_star":1,"minecraft:end_stone_bricks":5,"minecraft:lingering_potion":2,"minecraft:fishing_rod":2,"minecraft:cocoa_beans":1,"minecraft:charcoal":7,"minecraft:firework_star":5,"minecraft:end_stone_brick_stairs":1,"minecraft:allium":1,"minecraft:chicken":3,"minecraft:chest_minecart":1,"minecraft:turtle_helmet":3,"minecraft:structure_block":2,"minecraft:wooden_pickaxe":5,"minecraft:cooked_rabbit":1,"minecraft:diamond_horse_armor":2,"minecraft:stone_stairs":3,"minecraft:iron_axe":1,"minecraft:orange_concrete":4,"minecraft:wooden_sword":1,"minecraft:item_frame":2,"minecraft:warped_fence":1,"minecraft:cyan_carpet":1,"minecraft:detector_rail":2,"minecraft:mossy_cobblestone_wall":1,"minecraft:andesite_stairs":1,"minecraft:oak_boat":1,"minecraft:player_head":1,"minecraft:observer":3,"minecraft:light_gray_wool":4,"minecraft:lectern":1,"minecraft:tinted_glass":321,"minecraft:blue_shulker_box":1,"minecraft:sugar_cane":3,"minecraft:mule_spawn_egg":1,"minecraft:spruce_trapdoor":3,"minecraft:phantom_membrane":5,"minecraft:dark_oak_sapling":2,"minecraft:stripped_crimson_hyphae":3,"minecraft:orange_dye":2,"minecraft:bowl":1,"minecraft:red_stained_glass_pane":8,"minecraft:mooshroom_spawn_egg":3,"minecraft:brown_glazed_terracotta":7,"minecraft:gray_dye":3,"minecraft:quartz_pillar":1,"minecraft:stone_button":6,"minecraft:magenta_shulker_box":1,"minecraft:zombified_piglin_spawn_egg":3,"minecraft:iron_horse_armor":4,"minecraft:dark_oak_planks":1,"minecraft:smooth_sandstone_slab":3,"minecraft:arrow":21,"minecraft:light_blue_stained_glass_pane":4,"minecraft:golden_hoe":2,"minecraft:pink_glazed_terracotta":1,"minecraft:saddle":7,"minecraft:infested_cracked_stone_bricks":1,"minecraft:soul_campfire":1,"minecraft:lime_stained_glass":3,"minecraft:crimson_stem":3,"minecraft:cut_sandstone":7,"minecraft:birch_planks":1,"minecraft:mushroom_stew":4,"minecraft:cobblestone_stairs":2,"minecraft:wooden_hoe":4,"minecraft:podzol":1,"minecraft:smooth_sandstone":3,"minecraft:red_nether_brick_stairs":3,"minecraft:red_sandstone":2,"minecraft:fire_coral_block":3,"minecraft:heart_of_the_sea":1,"minecraft:stripped_oak_wood":1,"minecraft:mossy_stone_brick_wall":4,"minecraft:acacia_sapling":1,"minecraft:soul_sand":2,"minecraft:green_dye":4,"minecraft:book":1,"minecraft:pillager_spawn_egg":3,"minecraft:oak_slab":7,"minecraft:red_concrete_powder":2,"minecraft:pumpkin":2,"minecraft:birch_boat":3,"minecraft:chiseled_stone_bricks":2,"minecraft:brain_coral_fan":3,"minecraft:magenta_stained_glass_pane":4,"minecraft:blast_furnace":1,"minecraft:white_bed":1,"minecraft:gold_ore":1,"minecraft:dark_oak_fence_gate":3,"minecraft:green_carpet":4,"minecraft:mossy_stone_brick_slab":2,"minecraft:spider_eye":7,"minecraft:dead_bubble_coral":2,"minecraft:cyan_banner":1,"minecraft:lime_banner":1,"minecraft:lime_dye":1,"minecraft:dried_kelp_block":2,"minecraft:campfire":5,"minecraft:honey_block":6,"minecraft:dead_bubble_coral_block":1,"minecraft:iron_helmet":3,"minecraft:stripped_jungle_wood":3,"minecraft:magenta_concrete":3,"minecraft:acacia_slab":3,"minecraft:black_wool":2,"minecraft:red_concrete":1,"minecraft:coal":5,"minecraft:purple_concrete_powder":3},"minecraft:crafted":{"minecraft:music_disc_stal":9,"minecraft:command_block":1,"minecraft:music_disc_strad":1,"minecraft:music_disc_mellohi":3,"minecraft:jungle_planks":4,"minecraft:music_disc_13":1052,"minecraft:music_disc_mall":5,"minecraft:music_disc_far":8,"minecraft:crafting_table":2,"minecraft:spruce_planks":4,"minecraft:shield":2,"minecraft:crimson_planks":4,"minecraft:music_disc_chirp":6},"minecraft:dropped":{"minecraft:iron_sword":4,"minecraft:pink_stained_glass":1,"minecraft:porkchop":1,"minecraft:lapis_lazuli":2,"minecraft:glass_bottle":1,"minecraft:diamond":2,"minecraft:crafting_table":1,"minecraft:lime_concrete_powder":1,"minecraft:cooked_porkchop":1,"minecraft:red_sandstone":1,"minecraft:dark_oak_slab":3,"minecraft:spider_spawn_egg":1,"minecraft:warped_roots":1,"minecraft:black_bed":1,"minecraft:blackstone_stairs":1,"minecraft:red_mushroom":2,"minecraft:red_bed":3,"minecraft:gray_concrete":1,"minecraft:dark_oak_fence":1,"minecraft:black_stained_glass_pane":1,"minecraft:conduit":2,"minecraft:tnt_minecart":3,"minecraft:stripped_dark_oak_wood":1,"minecraft:acacia_fence_gate":1,"minecraft:sand":1,"minecraft:purple_wool":2,"minecraft:fishing_rod":1,"minecraft:music_disc_blocks":3,"minecraft:dark_oak_door":3,"minecraft:stone_axe":2,"minecraft:compass":2,"minecraft:ancient_debris":1,"minecraft:lever":4,"minecraft:iron_nugget":1,"minecraft:cooked_chicken":9,"minecraft:tinted_glass":254,"minecraft:gray_banner":2,"minecraft:netherite_sword":3,"minecraft:wheat":3,"minecraft:obsidian":1,"minecraft:stripped_dark_oak_log":1,"minecraft:rotten_flesh":6,"minecraft:grindstone":1,"minecraft:pink_carpet":1,"minecraft:birch_wood":1,"minecraft:glowstone_dust":3,"minecraft:music_disc_far":3,"minecraft:quartz_bricks":1,"minecraft:golden_shovel":6,"minecraft:nether_brick_fence":3,"minecraft:warped_planks":3,"minecraft:blue_stained_glass":1,"minecraft:rabbit_foot":4,"minecraft:piglin_spawn_egg":15,"minecraft:coal_ore":4,"minecraft:diorite_wall":1,"minecraft:quartz_block":2,"minecraft:jungle_log":1,"minecraft:leather_boots":4,"minecraft:leather_leggings":5,"minecraft:beef":6,"minecraft:podzol":1,"minecraft:purple_stained_glass_pane":2,"minecraft:granite_wall":2,"minecraft:stone_brick_stairs":1,"minecraft:acacia_fence":1,"minecraft:cartography_table":1,"minecraft:golden_boots":1,"minecraft:orange_shulker_box":3,"minecraft:black_dye":1,"minecraft:wheat_seeds":1,"minecraft:drowned_spawn_egg":1,"minecraft:clock":2,"minecraft:horn_coral_block":1,"minecraft:netherite_chestplate":1,"minecraft:knowledge_book":1,"minecraft:salmon_bucket":7,"minecraft:red_stained_glass":1,"minecraft:sheep_spawn_egg":6,"minecraft:yellow_carpet":2,"minecraft:warped_trapdoor":1,"minecraft:acacia_sign":1,"minecraft:turtle_egg":2,"minecraft:lava_bucket":1,"minecraft:cobweb":2,"minecraft:gray_wool":1,"minecraft:ink_sac":6,"minecraft:wooden_axe":1,"minecraft:cooked_salmon":1,"minecraft:stripped_birch_log":1,"minecraft:green_glazed_terracotta":2,"minecraft:pumpkin":2,"minecraft:white_banner":2,"minecraft:jungle_boat":1,"minecraft:red_dye":1,"minecraft:chainmail_leggings":1,"minecraft:blue_carpet":1,"minecraft:lily_pad":3,"minecraft:acacia_planks":61,"minecraft:red_nether_brick_wall":2,"minecraft:pink_stained_glass_pane":2,"minecraft:yellow_concrete_powder":3,"minecraft:bricks":1,"minecraft:creeper_head":1,"minecraft:netherite_hoe":1,"minecraft:soul_soil":1,"minecraft:green_terracotta":4,"minecraft:light_blue_glazed_terracotta":1,"minecraft:cocoa_beans":1,"minecraft:sticky_piston":3,"minecraft:orange_concrete":1,"minecraft:experience_bottle":1,"minecraft:stone_shovel":3,"minecraft:red_banner":1,"minecraft:white_carpet":1,"minecraft:iron_boots":2,"minecraft:structure_block":1,"minecraft:damaged_anvil":1,"minecraft:name_tag":2,"minecraft:light_gray_concrete":2,"minecraft:debug_stick":1,"minecraft:end_stone_brick_wall":1,"minecraft:shears":2,"minecraft:blast_furnace":1,"minecraft:diamond_sword":6,"minecraft:cyan_wool":1,"minecraft:brain_coral_block":2,"minecraft:flower_pot":1,"minecraft:sea_pickle":1,"minecraft:spruce_trapdoor":1,"minecraft:spruce_planks":7,"minecraft:diamond_pickaxe":5,"minecraft:light_blue_carpet":2,"minecraft:pink_shulker_box":1,"minecraft:fire_coral_block":2,"minecraft:redstone_torch":1,"minecraft:stone_pressure_plate":1,"minecraft:barrel":2,"minecraft:bow":1,"minecraft:horse_spawn_egg":1,"minecraft:cooked_rabbit":1,"minecraft:shulker_spawn_egg":1,"minecraft:evoker_spawn_egg":1,"minecraft:acacia_boat":6,"minecraft:orange_dye":2,"minecraft:warped_fungus":1,"minecraft:dead_horn_coral":2,"minecraft:loom":6,"minecraft:golden_pickaxe":1,"minecraft:ender_pearl":1,"minecraft:honeycomb":1,"minecraft:leather":5,"minecraft:chest_minecart":1,"minecraft:prismarine_brick_stairs":2,"minecraft:jungle_planks":2,"minecraft:iron_horse_armor":2,"minecraft:mossy_cobblestone_wall":1,"minecraft:polished_blackstone_brick_wall":1,"minecraft:music_disc_13":2279,"minecraft:orange_glazed_terracotta":3,"minecraft:panda_spawn_egg":1,"minecraft:wither_skeleton_spawn_egg":2,"minecraft:dark_oak_log":1,"minecraft:polished_blackstone_pressure_plate":2,"minecraft:dark_oak_wood":2,"minecraft:vex_spawn_egg":2,"minecraft:blaze_spawn_egg":1,"minecraft:light_gray_banner":2,"minecraft:prismarine_brick_slab":2,"minecraft:black_shulker_box":2,"minecraft:dead_bubble_coral_fan":1,"minecraft:light_blue_banner":1,"minecraft:pink_glazed_terracotta":1,"minecraft:crimson_door":4,"minecraft:gold_ingot":9,"minecraft:chiseled_polished_blackstone":2,"minecraft:pillager_spawn_egg":2,"minecraft:stripped_jungle_wood":2,"minecraft:twisting_vines":1,"minecraft:smooth_sandstone_stairs":1,"minecraft:purple_banner":2,"minecraft:mossy_stone_brick_slab":1,"minecraft:stray_spawn_egg":4,"minecraft:zombified_piglin_spawn_egg":2,"minecraft:acacia_stairs":1,"minecraft:birch_fence_gate":1,"minecraft:mushroom_stem":14,"minecraft:leather_chestplate":3,"minecraft:cod_spawn_egg":2,"minecraft:mossy_stone_brick_wall":4,"minecraft:dropper":1,"minecraft:beetroot_seeds":8,"minecraft:horn_coral_fan":1,"minecraft:stone_brick_wall":5,"minecraft:purple_concrete_powder":1,"minecraft:birch_button":2,"minecraft:iron_ore":2,"minecraft:smooth_red_sandstone_stairs":3,"minecraft:light_gray_concrete_powder":1,"minecraft:splash_potion":2,"minecraft:acacia_pressure_plate":2,"minecraft:purple_carpet":3,"minecraft:stone_hoe":4,"minecraft:crimson_pressure_plate":1,"minecraft:golden_helmet":1,"minecraft:lilac":1,"minecraft:netherite_axe":1,"minecraft:golden_axe":2,"minecraft:andesite_wall":2,"minecraft:activator_rail":4,"minecraft:spruce_stairs":2,"minecraft:acacia_log":3,"minecraft:enderman_spawn_egg":4,"minecraft:acacia_trapdoor":2,"minecraft:spruce_fence_gate":2,"minecraft:green_dye":2,"minecraft:light_blue_wool":3,"minecraft:melon_slice":3,"minecraft:iron_door":1,"minecraft:zombie_head":2,"minecraft:crimson_sign":2,"minecraft:music_disc_strad":1,"minecraft:polished_blackstone_brick_slab":1,"minecraft:music_disc_ward":1,"minecraft:polished_andesite_stairs":18,"minecraft:music_disc_wait":3,"minecraft:orange_bed":2,"minecraft:cactus":1,"minecraft:light_blue_stained_glass_pane":1,"minecraft:tripwire_hook":4,"minecraft:chiseled_sandstone":1,"minecraft:redstone_block":1,"minecraft:blue_terracotta":2,"minecraft:kelp":1,"minecraft:sweet_berries":2,"minecraft:oak_trapdoor":1,"minecraft:dragon_head":1,"minecraft:tall_grass":1,"minecraft:birch_pressure_plate":1,"minecraft:magenta_stained_glass_pane":3,"minecraft:villager_spawn_egg":1,"minecraft:comparator":1,"minecraft:green_concrete":1,"minecraft:dirt_path":1,"minecraft:skeleton_spawn_egg":1,"minecraft:totem_of_undying":6,"minecraft:shulker_box":2,"minecraft:netherite_leggings":1,"minecraft:oak_button":4,"minecraft:dead_tube_coral_fan":1,"minecraft:andesite":1,"minecraft:oak_sapling":4,"minecraft:spruce_log":2,"minecraft:wooden_pickaxe":4,"minecraft:magma_cream":2,"minecraft:nautilus_shell":1,"minecraft:brick":2,"minecraft:magenta_terracotta":4,"minecraft:repeating_command_block":5,"minecraft:cooked_beef":1,"minecraft:emerald_ore":1,"minecraft:sandstone_stairs":1,"minecraft:orange_tulip":7,"minecraft:turtle_spawn_egg":2,"minecraft:cookie":2,"minecraft:warped_hyphae":1,"minecraft:dark_oak_button":5,"minecraft:saddle":4,"minecraft:purpur_stairs":1,"minecraft:bubble_coral_fan":2,"minecraft:rail":7,"minecraft:polar_bear_spawn_egg":2,"minecraft:cut_sandstone_slab":2,"minecraft:leather_helmet":12,"minecraft:red_carpet":1,"minecraft:item_frame":2,"minecraft:light_weighted_pressure_plate":3,"minecraft:dirt":4,"minecraft:melon":2,"minecraft:grass":1,"minecraft:stone_button":3,"minecraft:large_fern":7,"minecraft:dead_tube_coral":5,"minecraft:husk_spawn_egg":37,"minecraft:horn_coral":1,"minecraft:chain":1,"minecraft:jungle_sapling":1,"minecraft:sunflower":3,"minecraft:bone_block":3,"minecraft:phantom_membrane":4,"minecraft:sugar":4,"minecraft:iron_pickaxe":2,"minecraft:polished_blackstone_slab":2,"minecraft:green_stained_glass_pane":1,"minecraft:music_disc_stal":4,"minecraft:gray_dye":1,"minecraft:bone":7,"minecraft:oak_door":1,"minecraft:pink_concrete":2,"minecraft:brain_coral_fan":1,"minecraft:magenta_banner":1,"minecraft:emerald_block":5,"minecraft:golden_chestplate":1,"minecraft:cut_red_sandstone_slab":2,"minecraft:birch_sapling":2,"minecraft:blue_wool":1,"minecraft:enchanted_golden_apple":5,"minecraft:netherite_shovel":2,"minecraft:lime_dye":1,"minecraft:jungle_trapdoor":4,"minecraft:dark_oak_fence_gate":1,"minecraft:acacia_button":4,"minecraft:red_stained_glass_pane":8,"minecraft:black_glazed_terracotta":2,"minecraft:yellow_stained_glass_pane":2,"minecraft:firework_star":3,"minecraft:lime_bed":1,"minecraft:skull_banner_pattern":1,"minecraft:charcoal":6,"minecraft:honey_block":2,"minecraft:hopper":1,"minecraft:yellow_banner":1,"minecraft:spruce_slab":1,"minecraft:white_dye":2,"minecraft:end_stone_bricks":3,"minecraft:strider_spawn_egg":5,"minecraft:campfire":3,"minecraft:ghast_tear":20,"minecraft:white_glazed_terracotta":1,"minecraft:infested_cobblestone":4,"minecraft:lectern":1,"minecraft:enchanted_book":1,"minecraft:iron_ingot":5,"minecraft:wolf_spawn_egg":5,"minecraft:netherite_pickaxe":2,"minecraft:birch_leaves":2,"minecraft:gray_stained_glass_pane":1,"minecraft:tnt":1,"minecraft:golden_horse_armor":2,"minecraft:netherite_helmet":2,"minecraft:iron_helmet":3,"minecraft:purpur_slab":2,"minecraft:barrier":2,"minecraft:feather":2,"minecraft:elder_guardian_spawn_egg":2,"minecraft:crimson_fence_gate":2,"minecraft:apple":64,"minecraft:granite":1,"minecraft:spruce_button":1,"minecraft:command_block":2,"minecraft:music_disc_pigstep":43,"minecraft:spruce_door":1,"minecraft:purple_dye":4,"minecraft:coal":9,"minecraft:polished_andesite":3,"minecraft:oxeye_daisy":2,"minecraft:jungle_slab":4,"minecraft:crimson_stairs":1,"minecraft:warped_slab":1,"minecraft:sponge":1,"minecraft:gray_bed":1,"minecraft:rose_bush":1,"minecraft:lime_carpet":1,"minecraft:diamond_helmet":1,"minecraft:dead_bush":2,"minecraft:nether_sprouts":1,"minecraft:pufferfish_bucket":1,"minecraft:orange_concrete_powder":1,"minecraft:magenta_glazed_terracotta":1,"minecraft:prismarine_slab":1,"minecraft:iron_shovel":1,"minecraft:paper":1,"minecraft:beetroot_soup":1,"minecraft:soul_torch":1,"minecraft:dark_oak_sign":1,"minecraft:bowl":1,"minecraft:diamond_hoe":1,"minecraft:chicken":1,"minecraft:blue_concrete":3,"minecraft:slime_block":3,"minecraft:magenta_concrete":1,"minecraft:nether_bricks":1,"minecraft:spruce_fence":7,"minecraft:pumpkin_seeds":1,"minecraft:target":2,"minecraft:light_blue_dye":1,"minecraft:potato":1,"minecraft:shroomlight":1,"minecraft:stone":3,"minecraft:carved_pumpkin":2,"minecraft:spider_eye":5,"minecraft:brown_carpet":3,"minecraft:magenta_concrete_powder":1,"minecraft:rabbit_stew":1,"minecraft:birch_boat":1,"minecraft:magenta_dye":1,"minecraft:orange_stained_glass_pane":1,"minecraft:bell":2,"minecraft:magma_cube_spawn_egg":1,"minecraft:black_wool":1,"minecraft:gold_ore":1,"minecraft:spruce_sign":7,"minecraft:warped_stem":4,"minecraft:dark_oak_stairs":2,"minecraft:birch_planks":1,"minecraft:baked_potato":3,"minecraft:lime_shulker_box":6,"minecraft:sandstone_slab":1,"minecraft:red_nether_brick_slab":6,"minecraft:flower_banner_pattern":1,"minecraft:lantern":1,"minecraft:blue_concrete_powder":1,"minecraft:tube_coral_fan":1,"minecraft:creeper_banner_pattern":1,"minecraft:flint":5,"minecraft:music_disc_11":4,"minecraft:stripped_warped_hyphae":1,"minecraft:jungle_button":1,"minecraft:dispenser":5,"minecraft:crimson_roots":3,"minecraft:warped_fence_gate":2,"minecraft:seagrass":1,"minecraft:cooked_cod":4,"minecraft:cut_sandstone":6,"minecraft:white_stained_glass_pane":2,"minecraft:polished_blackstone_bricks":2,"minecraft:black_stained_glass":3,"minecraft:brown_mushroom_block":2,"minecraft:armor_stand":9,"minecraft:crimson_fungus":6,"minecraft:silverfish_spawn_egg":5,"minecraft:yellow_wool":1,"minecraft:fern":1,"minecraft:prismarine":6,"minecraft:infested_mossy_stone_bricks":1,"minecraft:beehive":1,"minecraft:stone_stairs":2,"minecraft:honey_bottle":3,"minecraft:infested_stone_bricks":2,"minecraft:bat_spawn_egg":4,"minecraft:brown_shulker_box":1,"minecraft:chainmail_chestplate":1,"minecraft:sandstone_wall":1,"minecraft:shulker_shell":1,"minecraft:rabbit_hide":2,"minecraft:oak_fence_gate":1,"minecraft:soul_campfire":1,"minecraft:turtle_helmet":2,"minecraft:gunpowder":1,"minecraft:birch_trapdoor":9,"minecraft:melon_seeds":4,"minecraft:lingering_potion":1,"minecraft:chainmail_boots":1,"minecraft:basalt":5,"minecraft:gray_shulker_box":3,"minecraft:arrow":6,"minecraft:powered_rail":73,"minecraft:chain_command_block":1,"minecraft:quartz":2,"minecraft:written_book":2,"minecraft:enchanting_table":2,"minecraft:spawner":1,"minecraft:water_bucket":2,"minecraft:oak_slab":2,"minecraft:minecart":2,"minecraft:cyan_dye":2,"minecraft:poisonous_potato":1,"minecraft:prismarine_shard":1,"minecraft:spectral_arrow":1,"minecraft:observer":2,"minecraft:dark_oak_pressure_plate":1,"minecraft:grass_block":1,"minecraft:stick":6,"minecraft:blue_dye":1,"minecraft:smooth_red_sandstone":1,"minecraft:brewing_stand":12,"minecraft:light_blue_stained_glass":1,"minecraft:torch":2,"minecraft:smooth_quartz":1,"minecraft:map":2,"minecraft:iron_leggings":1,"minecraft:green_carpet":1,"minecraft:smooth_quartz_slab":5,"minecraft:wither_rose":3,"minecraft:slime_spawn_egg":2,"minecraft:iron_axe":1,"minecraft:granite_stairs":4,"minecraft:bucket":1,"minecraft:music_disc_cat":1,"minecraft:dandelion":1,"minecraft:redstone":1,"minecraft:farmland":10,"minecraft:bubble_coral":1,"minecraft:ender_chest":1,"minecraft:coarse_dirt":1,"minecraft:blaze_rod":4,"minecraft:brown_glazed_terracotta":7,"minecraft:light_gray_wool":2,"minecraft:smoker":1,"minecraft:ender_eye":1,"minecraft:glass_pane":1,"minecraft:crimson_button":1,"minecraft:shield":9,"minecraft:dead_horn_coral_fan":1,"minecraft:diamond_chestplate":5,"minecraft:fire_coral":4,"minecraft:iron_chestplate":2,"minecraft:blue_ice":1,"minecraft:purple_bed":1,"minecraft:fox_spawn_egg":13,"minecraft:cake":2,"minecraft:mossy_stone_bricks":3,"minecraft:pink_wool":1,"minecraft:light_gray_bed":3,"minecraft:dead_fire_coral":1,"minecraft:golden_sword":6,"minecraft:dead_fire_coral_fan":17,"minecraft:slime_ball":2,"minecraft:stripped_acacia_log":2,"minecraft:stripped_crimson_hyphae":1,"minecraft:stone_pickaxe":3,"minecraft:music_disc_mellohi":3},"minecraft:killed":{"minecraft:zombie":3,"minecraft:husk":9,"minecraft:rabbit":1,"minecraft:ravager":1,"minecraft:spider":1,"minecraft:wither":2,"minecraft:bee":3,"minecraft:ghast":1,"minecraft:wither_skeleton":19,"minecraft:skeleton":5,"minecraft:chicken":1,"minecraft:cat":1,"minecraft:cow":2,"minecraft:creeper":10,"minecraft:phantom":2,"minecraft:bat":9},"minecraft:used":{"minecraft:stone":52,"minecraft:quartz_stairs":3,"minecraft:farmland":1,"minecraft:chiseled_red_sandstone":2,"minecraft:soul_sand":1,"minecraft:snowball":80,"minecraft:spruce_boat":3,"minecraft:lava_bucket":30,"minecraft:quartz_pillar":1,"minecraft:villager_spawn_egg":1,"minecraft:diorite_wall":1,"minecraft:bow":19,"minecraft:spider_spawn_egg":1,"minecraft:mossy_stone_bricks":1,"minecraft:leather_leggings":11,"minecraft:cow_spawn_egg":1,"minecraft:chorus_fruit":2,"minecraft:prismarine":1,"minecraft:blackstone":1,"minecraft:fox_spawn_egg":1,"minecraft:leather_chestplate":11,"minecraft:wooden_pickaxe":8,"minecraft:mossy_stone_brick_stairs":1,"minecraft:chiseled_quartz_block":1,"minecraft:squid_spawn_egg":1,"minecraft:red_sandstone_wall":21,"minecraft:white_glazed_terracotta":1,"minecraft:cat_spawn_egg":1,"minecraft:coal_block":1,"minecraft:diamond_sword":100,"minecraft:waxed_cut_copper_stairs":1,"minecraft:diorite_slab":1,"minecraft:polished_blackstone_brick_slab":1,"minecraft:enchanting_table":2,"minecraft:orange_concrete":1,"minecraft:armor_stand":2,"minecraft:tinted_glass":838,"minecraft:wither_skeleton_spawn_egg":5,"minecraft:cooked_salmon":1,"minecraft:structure_block":3,"minecraft:orange_stained_glass":9,"minecraft:torch":13,"minecraft:nether_quartz_ore":1,"minecraft:yellow_carpet":1,"minecraft:orange_candle":7,"minecraft:sea_lantern":1,"minecraft:iron_block":10,"minecraft:light_weighted_pressure_plate":2,"minecraft:magenta_terracotta":1,"minecraft:acacia_planks":5,"minecraft:light_blue_shulker_box":1,"minecraft:birch_planks":1,"minecraft:leather_boots":19,"minecraft:conduit":1,"minecraft:diamond_block":1,"minecraft:endermite_spawn_egg":2,"minecraft:spruce_log":1,"minecraft:mushroom_stem":2,"minecraft:diamond_pickaxe":787,"minecraft:pig_spawn_egg":1,"minecraft:tnt_minecart":170,"minecraft:leather_helmet":23,"minecraft:magenta_concrete_powder":2,"minecraft:green_carpet":1,"minecraft:orange_banner":13,"minecraft:purple_bed":3,"minecraft:crimson_stairs":1,"minecraft:cooked_porkchop":1,"minecraft:repeating_command_block":18,"minecraft:husk_spawn_egg":26,"minecraft:diamond_leggings":1,"minecraft:light_gray_stained_glass_pane":1,"minecraft:melon":1,"minecraft:mossy_stone_brick_slab":1,"minecraft:stray_spawn_egg":1,"minecraft:orange_glazed_terracotta":1,"minecraft:jungle_planks":1,"minecraft:bricks":2,"minecraft:warped_nylium":2,"minecraft:light_blue_bed":1,"minecraft:mossy_cobblestone_slab":1,"minecraft:item_frame":22,"minecraft:horn_coral":1,"minecraft:written_book":5,"minecraft:skeleton_skull":1,"minecraft:zoglin_spawn_egg":1,"minecraft:wither_skeleton_skull":1,"minecraft:sandstone":16,"minecraft:netherite_leggings":1,"minecraft:mushroom_stew":1,"minecraft:creeper_spawn_egg":1,"minecraft:sticky_piston":23,"minecraft:lever":6,"minecraft:dark_oak_log":2,"minecraft:bread":1,"minecraft:barrier":1,"minecraft:dead_horn_coral_fan":1,"minecraft:smooth_stone_slab":1,"minecraft:netherite_sword":91,"minecraft:redstone":7,"minecraft:dried_kelp":1,"minecraft:stone_hoe":4,"minecraft:cooked_chicken":6,"minecraft:dried_kelp_block":1,"minecraft:dirt":142,"minecraft:spruce_fence":1,"minecraft:waxed_cut_copper":1,"minecraft:crimson_slab":2,"minecraft:lime_stained_glass":1,"minecraft:cooked_beef":4,"minecraft:dead_bubble_coral_block":1,"minecraft:enchanted_golden_apple":8,"minecraft:orange_stained_glass_pane":1,"minecraft:cobblestone_stairs":1,"minecraft:snow_block":1,"minecraft:waxed_copper_block":26,"minecraft:rabbit_spawn_egg":1,"minecraft:dark_prismarine_slab":1,"minecraft:red_mushroom":2,"minecraft:gray_terracotta":2,"minecraft:wooden_hoe":20,"minecraft:flower_pot":2,"minecraft:command_block":105,"minecraft:lapis_ore":1,"minecraft:magenta_concrete":1,"minecraft:end_crystal":38,"minecraft:lapis_block":1,"minecraft:chain_command_block":7,"minecraft:pumpkin_pie":1,"minecraft:sea_pickle":1,"minecraft:nether_brick_fence":1,"minecraft:cut_red_sandstone_slab":2,"minecraft:polished_blackstone":2,"minecraft:elytra":2,"minecraft:chest":2,"minecraft:brown_concrete":2,"minecraft:jungle_slab":1,"minecraft:orange_wool":66,"minecraft:acacia_button":1,"minecraft:wandering_trader_spawn_egg":1,"minecraft:honey_block":1,"minecraft:honeycomb":54,"minecraft:grass_block":122,"minecraft:polished_andesite_stairs":1,"minecraft:orange_shulker_box":1,"minecraft:dark_oak_button":1,"minecraft:pink_wool":1,"minecraft:sweet_berries":1,"minecraft:brown_concrete_powder":1,"minecraft:diorite":2,"minecraft:spruce_door":1,"minecraft:cut_copper_slab":1,"minecraft:powered_rail":5,"minecraft:respawn_anchor":1,"minecraft:purpur_stairs":2,"minecraft:sand":17,"minecraft:blue_ice":5,"minecraft:black_concrete_powder":1,"minecraft:chiseled_sandstone":2,"minecraft:stone_button":5,"minecraft:polished_andesite_slab":1,"minecraft:white_stained_glass":4,"minecraft:pink_stained_glass":17,"minecraft:mycelium":1,"minecraft:stripped_warped_stem":2,"minecraft:target":1,"minecraft:warped_wart_block":1,"minecraft:dead_brain_coral_block":1,"minecraft:shroomlight":1,"minecraft:red_shulker_box":1,"minecraft:cyan_shulker_box":1,"minecraft:iron_axe":76,"minecraft:spruce_button":5,"minecraft:slime_block":7,"minecraft:warped_fence":1,"minecraft:spawner":25,"minecraft:chicken_spawn_egg":1,"minecraft:totem_of_undying":2,"minecraft:pink_stained_glass_pane":2,"minecraft:glowstone":1,"minecraft:beef":3,"minecraft:acacia_wood":1,"minecraft:orange_terracotta":1,"minecraft:observer":15,"minecraft:golden_axe":3,"minecraft:knowledge_book":5,"minecraft:water_bucket":57,"minecraft:dirt_path":2,"minecraft:sandstone_stairs":1,"minecraft:prismarine_brick_slab":1,"minecraft:rabbit":2,"minecraft:lime_wool":1,"minecraft:smooth_sandstone_slab":1,"minecraft:red_mushroom_block":1,"minecraft:horse_spawn_egg":1,"minecraft:cracked_stone_bricks":1,"minecraft:gilded_blackstone":1,"minecraft:tnt":102,"minecraft:oak_slab":1,"minecraft:crafting_table":15,"minecraft:lime_shulker_box":1,"minecraft:cake":1,"minecraft:bat_spawn_egg":1,"minecraft:dark_prismarine":1,"minecraft:ender_eye":26,"minecraft:chiseled_stone_bricks":1,"minecraft:cobblestone":12,"minecraft:glass_pane":2,"minecraft:end_portal_frame":33,"minecraft:iron_shovel":1,"minecraft:carrot_on_a_stick":793,"minecraft:diamond_hoe":9,"minecraft:oak_sign":5,"minecraft:purple_shulker_box":1,"minecraft:iron_sword":2,"minecraft:zombie_spawn_egg":1,"minecraft:mooshroom_spawn_egg":1,"minecraft:oxidized_cut_copper":476,"minecraft:nether_bricks":3,"minecraft:prismarine_brick_stairs":1,"minecraft:cyan_wool":2,"minecraft:glass":3,"minecraft:tropical_fish_spawn_egg":1,"minecraft:crimson_roots":11,"minecraft:slime_spawn_egg":1,"minecraft:repeater":3,"minecraft:honeycomb_block":2,"minecraft:hay_block":4,"minecraft:stripped_spruce_wood":1,"minecraft:chiseled_polished_blackstone":1,"minecraft:birch_wood":1,"minecraft:ender_pearl":10,"minecraft:redstone_block":105,"minecraft:loom":2,"minecraft:light_gray_terracotta":1,"minecraft:sponge":3,"minecraft:redstone_torch":12,"minecraft:green_concrete":8,"minecraft:black_concrete":2,"minecraft:firework_rocket":1,"minecraft:gray_shulker_box":1,"minecraft:heavy_weighted_pressure_plate":1,"minecraft:light_gray_concrete":1,"minecraft:melon_slice":1,"minecraft:white_concrete":1,"minecraft:trident":1,"minecraft:cracked_deepslate_bricks":25,"minecraft:zombie_villager_spawn_egg":1,"minecraft:hopper":1,"minecraft:pink_carpet":1,"minecraft:light_blue_stained_glass":2,"minecraft:acacia_slab":1,"minecraft:crimson_planks":2,"minecraft:light_gray_wool":1,"minecraft:golden_carrot":2,"minecraft:emerald_block":1,"minecraft:wolf_spawn_egg":1,"minecraft:white_stained_glass_pane":1,"minecraft:stone_pressure_plate":3,"minecraft:brain_coral_block":1,"minecraft:turtle_spawn_egg":1,"minecraft:cooked_mutton":3,"minecraft:netherite_chestplate":1,"minecraft:copper_block":40,"minecraft:beacon":18,"minecraft:stonecutter":1,"minecraft:strider_spawn_egg":1,"minecraft:brown_banner":1,"minecraft:light_gray_concrete_powder":1,"minecraft:polar_bear_spawn_egg":1,"minecraft:smooth_red_sandstone_stairs":38,"minecraft:activator_rail":26,"minecraft:apple":25,"minecraft:cracked_polished_blackstone_bricks":1,"minecraft:map":3,"minecraft:netherite_axe":6,"minecraft:acacia_fence_gate":2,"minecraft:fishing_rod":5,"minecraft:bucket":33},"minecraft:mined":{"minecraft:fire":4,"minecraft:white_stained_glass_pane":1,"minecraft:tinted_glass":2155,"minecraft:acacia_button":1,"minecraft:red_mushroom":1,"minecraft:orange_stained_glass":2,"minecraft:purpur_stairs":1,"minecraft:dirt":8,"minecraft:pink_carpet":1,"minecraft:quartz_stairs":2,"minecraft:lever":1,"minecraft:acacia_slab":1,"minecraft:hay_block":2,"minecraft:honey_block":1,"minecraft:flower_pot":1,"minecraft:yellow_carpet":1,"minecraft:light_blue_stained_glass":1,"minecraft:dirt_path":1,"minecraft:conduit":1,"minecraft:cyan_wool":1,"minecraft:red_mushroom_block":1,"minecraft:light_gray_stained_glass_pane":1,"minecraft:crimson_roots":11,"minecraft:orange_shulker_box":1,"minecraft:magenta_concrete":1,"minecraft:spruce_button":2,"minecraft:purple_bed":2,"minecraft:acacia_planks":1,"minecraft:glowstone":1,"minecraft:dead_bubble_coral_block":1,"minecraft:honeycomb_block":1,"minecraft:slime_block":1,"minecraft:activator_rail":1,"minecraft:crimson_planks":1,"minecraft:gray_shulker_box":1,"minecraft:white_stained_glass":1,"minecraft:oxidized_cut_copper":4,"minecraft:crafting_table":4},"minecraft:custom":{"minecraft:interact_with_crafting_table":89,"minecraft:play_time":1937477,"minecraft:deaths":43,"minecraft:jump":841,"minecraft:horse_one_cm":378,"minecraft:time_since_rest":17632,"minecraft:swim_one_cm":12,"minecraft:open_chest":128,"minecraft:open_shulker_box":11,"minecraft:damage_resisted":2099,"minecraft:interact_with_beacon":9,"minecraft:boat_one_cm":9758,"minecraft:damage_taken":17006,"minecraft:aviate_one_cm":33220,"minecraft:eat_cake_slice":2,"minecraft:leave_game":34,"minecraft:time_since_death":17611,"minecraft:damage_dealt":22461,"minecraft:sneak_time":63436,"minecraft:total_world_time":3208645,"minecraft:interact_with_stonecutter":2,"minecraft:fly_one_cm":3189750,"minecraft:fall_one_cm":66985,"minecraft:sprint_one_cm":40557,"minecraft:drop":1487,"minecraft:walk_on_water_one_cm":5498,"minecraft:interact_with_loom":5,"minecraft:crouch_one_cm":105608,"minecraft:mob_kills":86,"minecraft:walk_one_cm":279542,"minecraft:walk_under_water_one_cm":16911,"minecraft:pot_flower":1,"minecraft:damage_absorbed":6766},"minecraft:killed_by":{"minecraft:husk":1,"minecraft:wither_skeleton":1,"minecraft:endermite":1,"minecraft:enderman":1}},"DataVersion":2975}