{"stats":{"minecraft:used":{"minecraft:barrier":17},"minecraft:dropped":{"minecraft:barrier":1,"minecraft:bedrock":1},"minecraft:custom":{"minecraft:jump":1,"minecraft:time_since_rest":201,"minecraft:leave_game":1,"minecraft:crouch_one_cm":910,"minecraft:deaths":3,"minecraft:sprint_one_cm":172,"minecraft:play_time":6453,"minecraft:walk_on_water_one_cm":1697,"minecraft:time_since_death":174,"minecraft:walk_one_cm":1366,"minecraft:sneak_time":511,"minecraft:total_world_time":6511,"minecraft:walk_under_water_one_cm":1481,"minecraft:drop":2,"minecraft:fly_one_cm":6737}},"DataVersion":2975}