{
  "pools": [
    {
      "rolls": 1,
      "entries": [
        {
          "type": "minecraft:item",
          "name": "minecraft:written_book",
          "functions": [
            {
              "function": "minecraft:set_nbt",
              "tag": "{pages:['[\\\"\\\",{\\\"text\\\":\\\"Support me on my\\\",\\\"clickEvent\\\":{\\\"action\\\":\\\"open_url\\\",\\\"value\\\":\\\"https://www.patreon.com/diamond_dp?fan_landing=true\\\"}},{\\\"text\\\":\\\" Patreon\\\",\\\"bold\\\":true,\\\"color\\\":\\\"gold\\\"}]'],title:\\\"Support me\\\",author:Diamond,display:{Lore:[\\\"Sponsored by: ???\\\"]}}"
            }
          ]
        }
      ]
    }
  ]
}
